OBJECTID,ZIPCODE,ZIP,TOOLTIP,NLA_URL
1,90001,90001,Zip Code: 90001,navigatela/reports/zipcode_county_report.cfm?pk=90001
2,90002,90002,Zip Code: 90002,navigatela/reports/zipcode_county_report.cfm?pk=90002
3,90003,90003,Zip Code: 90003,navigatela/reports/zipcode_county_report.cfm?pk=90003
4,90004,90004,Zip Code: 90004,navigatela/reports/zipcode_county_report.cfm?pk=90004
5,90005,90005,Zip Code: 90005,navigatela/reports/zipcode_county_report.cfm?pk=90005
6,90006,90006,Zip Code: 90006,navigatela/reports/zipcode_county_report.cfm?pk=90006
7,90007,90007,Zip Code: 90007,navigatela/reports/zipcode_county_report.cfm?pk=90007
8,90008,90008,Zip Code: 90008,navigatela/reports/zipcode_county_report.cfm?pk=90008
9,90010,90010,Zip Code: 90010,navigatela/reports/zipcode_county_report.cfm?pk=90010
10,90011,90011,Zip Code: 90011,navigatela/reports/zipcode_county_report.cfm?pk=90011
11,90012,90012,Zip Code: 90012,navigatela/reports/zipcode_county_report.cfm?pk=90012
12,90013,90013,Zip Code: 90013,navigatela/reports/zipcode_county_report.cfm?pk=90013
13,90014,90014,Zip Code: 90014,navigatela/reports/zipcode_county_report.cfm?pk=90014
14,90015,90015,Zip Code: 90015,navigatela/reports/zipcode_county_report.cfm?pk=90015
15,90016,90016,Zip Code: 90016,navigatela/reports/zipcode_county_report.cfm?pk=90016
16,90017,90017,Zip Code: 90017,navigatela/reports/zipcode_county_report.cfm?pk=90017
17,90018,90018,Zip Code: 90018,navigatela/reports/zipcode_county_report.cfm?pk=90018
18,90019,90019,Zip Code: 90019,navigatela/reports/zipcode_county_report.cfm?pk=90019
19,90020,90020,Zip Code: 90020,navigatela/reports/zipcode_county_report.cfm?pk=90020
20,90021,90021,Zip Code: 90021,navigatela/reports/zipcode_county_report.cfm?pk=90021
21,90022,90022,Zip Code: 90022,navigatela/reports/zipcode_county_report.cfm?pk=90022
22,90023,90023,Zip Code: 90023,navigatela/reports/zipcode_county_report.cfm?pk=90023
23,90024,90024,Zip Code: 90024,navigatela/reports/zipcode_county_report.cfm?pk=90024
24,90025,90025,Zip Code: 90025,navigatela/reports/zipcode_county_report.cfm?pk=90025
25,90026,90026,Zip Code: 90026,navigatela/reports/zipcode_county_report.cfm?pk=90026
26,90027,90027,Zip Code: 90027,navigatela/reports/zipcode_county_report.cfm?pk=90027
27,90028,90028,Zip Code: 90028,navigatela/reports/zipcode_county_report.cfm?pk=90028
28,90029,90029,Zip Code: 90029,navigatela/reports/zipcode_county_report.cfm?pk=90029
29,90031,90031,Zip Code: 90031,navigatela/reports/zipcode_county_report.cfm?pk=90031
30,90032,90032,Zip Code: 90032,navigatela/reports/zipcode_county_report.cfm?pk=90032
31,90033,90033,Zip Code: 90033,navigatela/reports/zipcode_county_report.cfm?pk=90033
32,90034,90034,Zip Code: 90034,navigatela/reports/zipcode_county_report.cfm?pk=90034
33,90035,90035,Zip Code: 90035,navigatela/reports/zipcode_county_report.cfm?pk=90035
34,90036,90036,Zip Code: 90036,navigatela/reports/zipcode_county_report.cfm?pk=90036
35,90037,90037,Zip Code: 90037,navigatela/reports/zipcode_county_report.cfm?pk=90037
36,90038,90038,Zip Code: 90038,navigatela/reports/zipcode_county_report.cfm?pk=90038
37,90039,90039,Zip Code: 90039,navigatela/reports/zipcode_county_report.cfm?pk=90039
38,90040,90040,Zip Code: 90040,navigatela/reports/zipcode_county_report.cfm?pk=90040
39,90041,90041,Zip Code: 90041,navigatela/reports/zipcode_county_report.cfm?pk=90041
40,90042,90042,Zip Code: 90042,navigatela/reports/zipcode_county_report.cfm?pk=90042
41,90043,90043,Zip Code: 90043,navigatela/reports/zipcode_county_report.cfm?pk=90043
42,90044,90044,Zip Code: 90044,navigatela/reports/zipcode_county_report.cfm?pk=90044
43,90045,90045,Zip Code: 90045,navigatela/reports/zipcode_county_report.cfm?pk=90045
44,90046,90046,Zip Code: 90046,navigatela/reports/zipcode_county_report.cfm?pk=90046
45,90047,90047,Zip Code: 90047,navigatela/reports/zipcode_county_report.cfm?pk=90047
46,90048,90048,Zip Code: 90048,navigatela/reports/zipcode_county_report.cfm?pk=90048
47,90049,90049,Zip Code: 90049,navigatela/reports/zipcode_county_report.cfm?pk=90049
48,90056,90056,Zip Code: 90056,navigatela/reports/zipcode_county_report.cfm?pk=90056
49,90057,90057,Zip Code: 90057,navigatela/reports/zipcode_county_report.cfm?pk=90057
50,90058,90058,Zip Code: 90058,navigatela/reports/zipcode_county_report.cfm?pk=90058
51,90059,90059,Zip Code: 90059,navigatela/reports/zipcode_county_report.cfm?pk=90059
52,90061,90061,Zip Code: 90061,navigatela/reports/zipcode_county_report.cfm?pk=90061
53,90062,90062,Zip Code: 90062,navigatela/reports/zipcode_county_report.cfm?pk=90062
54,90063,90063,Zip Code: 90063,navigatela/reports/zipcode_county_report.cfm?pk=90063
55,90064,90064,Zip Code: 90064,navigatela/reports/zipcode_county_report.cfm?pk=90064
56,90065,90065,Zip Code: 90065,navigatela/reports/zipcode_county_report.cfm?pk=90065
57,90066,90066,Zip Code: 90066,navigatela/reports/zipcode_county_report.cfm?pk=90066
58,90067,90067,Zip Code: 90067,navigatela/reports/zipcode_county_report.cfm?pk=90067
59,90068,90068,Zip Code: 90068,navigatela/reports/zipcode_county_report.cfm?pk=90068
60,90069,90069,Zip Code: 90069,navigatela/reports/zipcode_county_report.cfm?pk=90069
61,90071,90071,Zip Code: 90071,navigatela/reports/zipcode_county_report.cfm?pk=90071
62,90073,90073,Zip Code: 90073,navigatela/reports/zipcode_county_report.cfm?pk=90073
63,90077,90077,Zip Code: 90077,navigatela/reports/zipcode_county_report.cfm?pk=90077
64,90089,90089,Zip Code: 90089,navigatela/reports/zipcode_county_report.cfm?pk=90089
65,90094,90094,Zip Code: 90094,navigatela/reports/zipcode_county_report.cfm?pk=90094
66,90095,90095,Zip Code: 90095,navigatela/reports/zipcode_county_report.cfm?pk=90095
67,90201,90201,Zip Code: 90201,navigatela/reports/zipcode_county_report.cfm?pk=90201
68,90210,90210,Zip Code: 90210,navigatela/reports/zipcode_county_report.cfm?pk=90210
69,90211,90211,Zip Code: 90211,navigatela/reports/zipcode_county_report.cfm?pk=90211
70,90212,90212,Zip Code: 90212,navigatela/reports/zipcode_county_report.cfm?pk=90212
71,90220,90220,Zip Code: 90220,navigatela/reports/zipcode_county_report.cfm?pk=90220
72,90221,90221,Zip Code: 90221,navigatela/reports/zipcode_county_report.cfm?pk=90221
73,90222,90222,Zip Code: 90222,navigatela/reports/zipcode_county_report.cfm?pk=90222
74,90230,90230,Zip Code: 90230,navigatela/reports/zipcode_county_report.cfm?pk=90230
75,90232,90232,Zip Code: 90232,navigatela/reports/zipcode_county_report.cfm?pk=90232
76,90240,90240,Zip Code: 90240,navigatela/reports/zipcode_county_report.cfm?pk=90240
77,90241,90241,Zip Code: 90241,navigatela/reports/zipcode_county_report.cfm?pk=90241
78,90242,90242,Zip Code: 90242,navigatela/reports/zipcode_county_report.cfm?pk=90242
79,90245,90245,Zip Code: 90245,navigatela/reports/zipcode_county_report.cfm?pk=90245
80,90247,90247,Zip Code: 90247,navigatela/reports/zipcode_county_report.cfm?pk=90247
81,90248,90248,Zip Code: 90248,navigatela/reports/zipcode_county_report.cfm?pk=90248
82,90249,90249,Zip Code: 90249,navigatela/reports/zipcode_county_report.cfm?pk=90249
83,90250,90250,Zip Code: 90250,navigatela/reports/zipcode_county_report.cfm?pk=90250
84,90254,90254,Zip Code: 90254,navigatela/reports/zipcode_county_report.cfm?pk=90254
85,90255,90255,Zip Code: 90255,navigatela/reports/zipcode_county_report.cfm?pk=90255
86,90260,90260,Zip Code: 90260,navigatela/reports/zipcode_county_report.cfm?pk=90260
87,90261,90261,Zip Code: 90261,navigatela/reports/zipcode_county_report.cfm?pk=90261
88,90262,90262,Zip Code: 90262,navigatela/reports/zipcode_county_report.cfm?pk=90262
89,90263,90263,Zip Code: 90263,navigatela/reports/zipcode_county_report.cfm?pk=90263
90,90265,90265,Zip Code: 90265,navigatela/reports/zipcode_county_report.cfm?pk=90265
91,90266,90266,Zip Code: 90266,navigatela/reports/zipcode_county_report.cfm?pk=90266
92,90270,90270,Zip Code: 90270,navigatela/reports/zipcode_county_report.cfm?pk=90270
93,90272,90272,Zip Code: 90272,navigatela/reports/zipcode_county_report.cfm?pk=90272
94,90274,90274,Zip Code: 90274,navigatela/reports/zipcode_county_report.cfm?pk=90274
95,90275,90275,Zip Code: 90275,navigatela/reports/zipcode_county_report.cfm?pk=90275
96,90277,90277,Zip Code: 90277,navigatela/reports/zipcode_county_report.cfm?pk=90277
97,90278,90278,Zip Code: 90278,navigatela/reports/zipcode_county_report.cfm?pk=90278
98,90280,90280,Zip Code: 90280,navigatela/reports/zipcode_county_report.cfm?pk=90280
99,90290,90290,Zip Code: 90290,navigatela/reports/zipcode_county_report.cfm?pk=90290
100,90291,90291,Zip Code: 90291,navigatela/reports/zipcode_county_report.cfm?pk=90291
101,90292,90292,Zip Code: 90292,navigatela/reports/zipcode_county_report.cfm?pk=90292
102,90293,90293,Zip Code: 90293,navigatela/reports/zipcode_county_report.cfm?pk=90293
103,90301,90301,Zip Code: 90301,navigatela/reports/zipcode_county_report.cfm?pk=90301
104,90302,90302,Zip Code: 90302,navigatela/reports/zipcode_county_report.cfm?pk=90302
105,90303,90303,Zip Code: 90303,navigatela/reports/zipcode_county_report.cfm?pk=90303
106,90304,90304,Zip Code: 90304,navigatela/reports/zipcode_county_report.cfm?pk=90304
107,90305,90305,Zip Code: 90305,navigatela/reports/zipcode_county_report.cfm?pk=90305
108,90401,90401,Zip Code: 90401,navigatela/reports/zipcode_county_report.cfm?pk=90401
109,90402,90402,Zip Code: 90402,navigatela/reports/zipcode_county_report.cfm?pk=90402
110,90403,90403,Zip Code: 90403,navigatela/reports/zipcode_county_report.cfm?pk=90403
111,90404,90404,Zip Code: 90404,navigatela/reports/zipcode_county_report.cfm?pk=90404
112,90405,90405,Zip Code: 90405,navigatela/reports/zipcode_county_report.cfm?pk=90405
113,90501,90501,Zip Code: 90501,navigatela/reports/zipcode_county_report.cfm?pk=90501
114,90502,90502,Zip Code: 90502,navigatela/reports/zipcode_county_report.cfm?pk=90502
115,90503,90503,Zip Code: 90503,navigatela/reports/zipcode_county_report.cfm?pk=90503
116,90504,90504,Zip Code: 90504,navigatela/reports/zipcode_county_report.cfm?pk=90504
117,90505,90505,Zip Code: 90505,navigatela/reports/zipcode_county_report.cfm?pk=90505
118,90506,90506,Zip Code: 90506,navigatela/reports/zipcode_county_report.cfm?pk=90506
119,90601,90601,Zip Code: 90601,navigatela/reports/zipcode_county_report.cfm?pk=90601
120,90602,90602,Zip Code: 90602,navigatela/reports/zipcode_county_report.cfm?pk=90602
121,90603,90603,Zip Code: 90603,navigatela/reports/zipcode_county_report.cfm?pk=90603
122,90604,90604,Zip Code: 90604,navigatela/reports/zipcode_county_report.cfm?pk=90604
123,90605,90605,Zip Code: 90605,navigatela/reports/zipcode_county_report.cfm?pk=90605
124,90606,90606,Zip Code: 90606,navigatela/reports/zipcode_county_report.cfm?pk=90606
125,90623,90623,Zip Code: 90623,navigatela/reports/zipcode_county_report.cfm?pk=90623
126,90630,90630,Zip Code: 90630,navigatela/reports/zipcode_county_report.cfm?pk=90630
127,90631,90631,Zip Code: 90631,navigatela/reports/zipcode_county_report.cfm?pk=90631
128,90638,90638,Zip Code: 90638,navigatela/reports/zipcode_county_report.cfm?pk=90638
129,90639,90639,Zip Code: 90639,navigatela/reports/zipcode_county_report.cfm?pk=90639
130,90640,90640,Zip Code: 90640,navigatela/reports/zipcode_county_report.cfm?pk=90640
131,90650,90650,Zip Code: 90650,navigatela/reports/zipcode_county_report.cfm?pk=90650
132,90660,90660,Zip Code: 90660,navigatela/reports/zipcode_county_report.cfm?pk=90660
133,90670,90670,Zip Code: 90670,navigatela/reports/zipcode_county_report.cfm?pk=90670
134,90701,90701,Zip Code: 90701,navigatela/reports/zipcode_county_report.cfm?pk=90701
135,90703,90703,Zip Code: 90703,navigatela/reports/zipcode_county_report.cfm?pk=90703
136,90706,90706,Zip Code: 90706,navigatela/reports/zipcode_county_report.cfm?pk=90706
137,90710,90710,Zip Code: 90710,navigatela/reports/zipcode_county_report.cfm?pk=90710
138,90712,90712,Zip Code: 90712,navigatela/reports/zipcode_county_report.cfm?pk=90712
139,90713,90713,Zip Code: 90713,navigatela/reports/zipcode_county_report.cfm?pk=90713
140,90715,90715,Zip Code: 90715,navigatela/reports/zipcode_county_report.cfm?pk=90715
141,90716,90716,Zip Code: 90716,navigatela/reports/zipcode_county_report.cfm?pk=90716
142,90717,90717,Zip Code: 90717,navigatela/reports/zipcode_county_report.cfm?pk=90717
143,90723,90723,Zip Code: 90723,navigatela/reports/zipcode_county_report.cfm?pk=90723
144,90731,90731,Zip Code: 90731,navigatela/reports/zipcode_county_report.cfm?pk=90731
145,90732,90732,Zip Code: 90732,navigatela/reports/zipcode_county_report.cfm?pk=90732
146,90744,90744,Zip Code: 90744,navigatela/reports/zipcode_county_report.cfm?pk=90744
147,90745,90745,Zip Code: 90745,navigatela/reports/zipcode_county_report.cfm?pk=90745
148,90746,90746,Zip Code: 90746,navigatela/reports/zipcode_county_report.cfm?pk=90746
149,90747,90747,Zip Code: 90747,navigatela/reports/zipcode_county_report.cfm?pk=90747
150,90755,90755,Zip Code: 90755,navigatela/reports/zipcode_county_report.cfm?pk=90755
151,90802,90802,Zip Code: 90802,navigatela/reports/zipcode_county_report.cfm?pk=90802
152,90803,90803,Zip Code: 90803,navigatela/reports/zipcode_county_report.cfm?pk=90803
153,90804,90804,Zip Code: 90804,navigatela/reports/zipcode_county_report.cfm?pk=90804
154,90805,90805,Zip Code: 90805,navigatela/reports/zipcode_county_report.cfm?pk=90805
155,90806,90806,Zip Code: 90806,navigatela/reports/zipcode_county_report.cfm?pk=90806
156,90807,90807,Zip Code: 90807,navigatela/reports/zipcode_county_report.cfm?pk=90807
157,90808,90808,Zip Code: 90808,navigatela/reports/zipcode_county_report.cfm?pk=90808
158,90810,90810,Zip Code: 90810,navigatela/reports/zipcode_county_report.cfm?pk=90810
159,90813,90813,Zip Code: 90813,navigatela/reports/zipcode_county_report.cfm?pk=90813
160,90814,90814,Zip Code: 90814,navigatela/reports/zipcode_county_report.cfm?pk=90814
161,90815,90815,Zip Code: 90815,navigatela/reports/zipcode_county_report.cfm?pk=90815
162,90822,90822,Zip Code: 90822,navigatela/reports/zipcode_county_report.cfm?pk=90822
163,90831,90831,Zip Code: 90831,navigatela/reports/zipcode_county_report.cfm?pk=90831
164,90840,90840,Zip Code: 90840,navigatela/reports/zipcode_county_report.cfm?pk=90840
165,90846,90846,Zip Code: 90846,navigatela/reports/zipcode_county_report.cfm?pk=90846
166,91001,91001,Zip Code: 91001,navigatela/reports/zipcode_county_report.cfm?pk=91001
167,91006,91006,Zip Code: 91006,navigatela/reports/zipcode_county_report.cfm?pk=91006
168,91007,91007,Zip Code: 91007,navigatela/reports/zipcode_county_report.cfm?pk=91007
169,91008,91008,Zip Code: 91008,navigatela/reports/zipcode_county_report.cfm?pk=91008
170,91010,91010,Zip Code: 91010,navigatela/reports/zipcode_county_report.cfm?pk=91010
171,91011,91011,Zip Code: 91011,navigatela/reports/zipcode_county_report.cfm?pk=91011
172,91016,91016,Zip Code: 91016,navigatela/reports/zipcode_county_report.cfm?pk=91016
173,91020,91020,Zip Code: 91020,navigatela/reports/zipcode_county_report.cfm?pk=91020
174,91023,91023,Zip Code: 91023,navigatela/reports/zipcode_county_report.cfm?pk=91023
175,91024,91024,Zip Code: 91024,navigatela/reports/zipcode_county_report.cfm?pk=91024
176,91030,91030,Zip Code: 91030,navigatela/reports/zipcode_county_report.cfm?pk=91030
177,91040,91040,Zip Code: 91040,navigatela/reports/zipcode_county_report.cfm?pk=91040
178,91042,91042,Zip Code: 91042,navigatela/reports/zipcode_county_report.cfm?pk=91042
179,91046,91046,Zip Code: 91046,navigatela/reports/zipcode_county_report.cfm?pk=91046
180,91101,91101,Zip Code: 91101,navigatela/reports/zipcode_county_report.cfm?pk=91101
181,91103,91103,Zip Code: 91103,navigatela/reports/zipcode_county_report.cfm?pk=91103
182,91104,91104,Zip Code: 91104,navigatela/reports/zipcode_county_report.cfm?pk=91104
183,91105,91105,Zip Code: 91105,navigatela/reports/zipcode_county_report.cfm?pk=91105
184,91106,91106,Zip Code: 91106,navigatela/reports/zipcode_county_report.cfm?pk=91106
185,91107,91107,Zip Code: 91107,navigatela/reports/zipcode_county_report.cfm?pk=91107
186,91108,91108,Zip Code: 91108,navigatela/reports/zipcode_county_report.cfm?pk=91108
187,91125,91125,Zip Code: 91125,navigatela/reports/zipcode_county_report.cfm?pk=91125
188,91126,91126,Zip Code: 91126,navigatela/reports/zipcode_county_report.cfm?pk=91126
189,91201,91201,Zip Code: 91201,navigatela/reports/zipcode_county_report.cfm?pk=91201
190,91202,91202,Zip Code: 91202,navigatela/reports/zipcode_county_report.cfm?pk=91202
191,91203,91203,Zip Code: 91203,navigatela/reports/zipcode_county_report.cfm?pk=91203
192,91204,91204,Zip Code: 91204,navigatela/reports/zipcode_county_report.cfm?pk=91204
193,91205,91205,Zip Code: 91205,navigatela/reports/zipcode_county_report.cfm?pk=91205
194,91206,91206,Zip Code: 91206,navigatela/reports/zipcode_county_report.cfm?pk=91206
195,91207,91207,Zip Code: 91207,navigatela/reports/zipcode_county_report.cfm?pk=91207
196,91208,91208,Zip Code: 91208,navigatela/reports/zipcode_county_report.cfm?pk=91208
197,91210,91210,Zip Code: 91210,navigatela/reports/zipcode_county_report.cfm?pk=91210
198,91214,91214,Zip Code: 91214,navigatela/reports/zipcode_county_report.cfm?pk=91214
199,91301,91301,Zip Code: 91301,navigatela/reports/zipcode_county_report.cfm?pk=91301
200,91302,91302,Zip Code: 91302,navigatela/reports/zipcode_county_report.cfm?pk=91302
201,91303,91303,Zip Code: 91303,navigatela/reports/zipcode_county_report.cfm?pk=91303
202,91304,91304,Zip Code: 91304,navigatela/reports/zipcode_county_report.cfm?pk=91304
203,91306,91306,Zip Code: 91306,navigatela/reports/zipcode_county_report.cfm?pk=91306
204,91307,91307,Zip Code: 91307,navigatela/reports/zipcode_county_report.cfm?pk=91307
205,91311,91311,Zip Code: 91311,navigatela/reports/zipcode_county_report.cfm?pk=91311
206,91316,91316,Zip Code: 91316,navigatela/reports/zipcode_county_report.cfm?pk=91316
207,91321,91321,Zip Code: 91321,navigatela/reports/zipcode_county_report.cfm?pk=91321
208,91324,91324,Zip Code: 91324,navigatela/reports/zipcode_county_report.cfm?pk=91324
209,91325,91325,Zip Code: 91325,navigatela/reports/zipcode_county_report.cfm?pk=91325
210,91326,91326,Zip Code: 91326,navigatela/reports/zipcode_county_report.cfm?pk=91326
211,91330,91330,Zip Code: 91330,navigatela/reports/zipcode_county_report.cfm?pk=91330
212,91331,91331,Zip Code: 91331,navigatela/reports/zipcode_county_report.cfm?pk=91331
213,91335,91335,Zip Code: 91335,navigatela/reports/zipcode_county_report.cfm?pk=91335
214,91340,91340,Zip Code: 91340,navigatela/reports/zipcode_county_report.cfm?pk=91340
215,91342,91342,Zip Code: 91342,navigatela/reports/zipcode_county_report.cfm?pk=91342
216,91343,91343,Zip Code: 91343,navigatela/reports/zipcode_county_report.cfm?pk=91343
217,91344,91344,Zip Code: 91344,navigatela/reports/zipcode_county_report.cfm?pk=91344
218,91345,91345,Zip Code: 91345,navigatela/reports/zipcode_county_report.cfm?pk=91345
219,91350,91350,Zip Code: 91350,navigatela/reports/zipcode_county_report.cfm?pk=91350
220,91351,91351,Zip Code: 91351,navigatela/reports/zipcode_county_report.cfm?pk=91351
221,91352,91352,Zip Code: 91352,navigatela/reports/zipcode_county_report.cfm?pk=91352
222,91354,91354,Zip Code: 91354,navigatela/reports/zipcode_county_report.cfm?pk=91354
223,91355,91355,Zip Code: 91355,navigatela/reports/zipcode_county_report.cfm?pk=91355
224,91356,91356,Zip Code: 91356,navigatela/reports/zipcode_county_report.cfm?pk=91356
225,91361,91361,Zip Code: 91361,navigatela/reports/zipcode_county_report.cfm?pk=91361
226,91362,91362,Zip Code: 91362,navigatela/reports/zipcode_county_report.cfm?pk=91362
227,91364,91364,Zip Code: 91364,navigatela/reports/zipcode_county_report.cfm?pk=91364
228,91367,91367,Zip Code: 91367,navigatela/reports/zipcode_county_report.cfm?pk=91367
229,91381,91381,Zip Code: 91381,navigatela/reports/zipcode_county_report.cfm?pk=91381
230,91382,91382,Zip Code: 91382,navigatela/reports/zipcode_county_report.cfm?pk=91382
231,91384,91384,Zip Code: 91384,navigatela/reports/zipcode_county_report.cfm?pk=91384
232,91387,91387,Zip Code: 91387,navigatela/reports/zipcode_county_report.cfm?pk=91387
233,91390,91390,Zip Code: 91390,navigatela/reports/zipcode_county_report.cfm?pk=91390
234,91401,91401,Zip Code: 91401,navigatela/reports/zipcode_county_report.cfm?pk=91401
235,91402,91402,Zip Code: 91402,navigatela/reports/zipcode_county_report.cfm?pk=91402
236,91403,91403,Zip Code: 91403,navigatela/reports/zipcode_county_report.cfm?pk=91403
237,91405,91405,Zip Code: 91405,navigatela/reports/zipcode_county_report.cfm?pk=91405
238,91406,91406,Zip Code: 91406,navigatela/reports/zipcode_county_report.cfm?pk=91406
239,91411,91411,Zip Code: 91411,navigatela/reports/zipcode_county_report.cfm?pk=91411
240,91423,91423,Zip Code: 91423,navigatela/reports/zipcode_county_report.cfm?pk=91423
241,91436,91436,Zip Code: 91436,navigatela/reports/zipcode_county_report.cfm?pk=91436
242,91501,91501,Zip Code: 91501,navigatela/reports/zipcode_county_report.cfm?pk=91501
243,91502,91502,Zip Code: 91502,navigatela/reports/zipcode_county_report.cfm?pk=91502
244,91504,91504,Zip Code: 91504,navigatela/reports/zipcode_county_report.cfm?pk=91504
245,91505,91505,Zip Code: 91505,navigatela/reports/zipcode_county_report.cfm?pk=91505
246,91506,91506,Zip Code: 91506,navigatela/reports/zipcode_county_report.cfm?pk=91506
247,91521,91521,Zip Code: 91521,navigatela/reports/zipcode_county_report.cfm?pk=91521
248,91522,91522,Zip Code: 91522,navigatela/reports/zipcode_county_report.cfm?pk=91522
249,91523,91523,Zip Code: 91523,navigatela/reports/zipcode_county_report.cfm?pk=91523
250,91601,91601,Zip Code: 91601,navigatela/reports/zipcode_county_report.cfm?pk=91601
251,91602,91602,Zip Code: 91602,navigatela/reports/zipcode_county_report.cfm?pk=91602
252,91604,91604,Zip Code: 91604,navigatela/reports/zipcode_county_report.cfm?pk=91604
253,91605,91605,Zip Code: 91605,navigatela/reports/zipcode_county_report.cfm?pk=91605
254,91606,91606,Zip Code: 91606,navigatela/reports/zipcode_county_report.cfm?pk=91606
255,91607,91607,Zip Code: 91607,navigatela/reports/zipcode_county_report.cfm?pk=91607
256,91608,91608,Zip Code: 91608,navigatela/reports/zipcode_county_report.cfm?pk=91608
257,91702,91702,Zip Code: 91702,navigatela/reports/zipcode_county_report.cfm?pk=91702
258,91706,91706,Zip Code: 91706,navigatela/reports/zipcode_county_report.cfm?pk=91706
259,91709,91709,Zip Code: 91709,navigatela/reports/zipcode_county_report.cfm?pk=91709
260,91710,91710,Zip Code: 91710,navigatela/reports/zipcode_county_report.cfm?pk=91710
261,91711,91711,Zip Code: 91711,navigatela/reports/zipcode_county_report.cfm?pk=91711
262,91722,91722,Zip Code: 91722,navigatela/reports/zipcode_county_report.cfm?pk=91722
263,91723,91723,Zip Code: 91723,navigatela/reports/zipcode_county_report.cfm?pk=91723
264,91724,91724,Zip Code: 91724,navigatela/reports/zipcode_county_report.cfm?pk=91724
265,91731,91731,Zip Code: 91731,navigatela/reports/zipcode_county_report.cfm?pk=91731
266,91732,91732,Zip Code: 91732,navigatela/reports/zipcode_county_report.cfm?pk=91732
267,91733,91733,Zip Code: 91733,navigatela/reports/zipcode_county_report.cfm?pk=91733
268,91740,91740,Zip Code: 91740,navigatela/reports/zipcode_county_report.cfm?pk=91740
269,91741,91741,Zip Code: 91741,navigatela/reports/zipcode_county_report.cfm?pk=91741
270,91744,91744,Zip Code: 91744,navigatela/reports/zipcode_county_report.cfm?pk=91744
271,91745,91745,Zip Code: 91745,navigatela/reports/zipcode_county_report.cfm?pk=91745
272,91746,91746,Zip Code: 91746,navigatela/reports/zipcode_county_report.cfm?pk=91746
273,91748,91748,Zip Code: 91748,navigatela/reports/zipcode_county_report.cfm?pk=91748
274,91750,91750,Zip Code: 91750,navigatela/reports/zipcode_county_report.cfm?pk=91750
275,91754,91754,Zip Code: 91754,navigatela/reports/zipcode_county_report.cfm?pk=91754
276,91755,91755,Zip Code: 91755,navigatela/reports/zipcode_county_report.cfm?pk=91755
277,91759,91759,Zip Code: 91759,navigatela/reports/zipcode_county_report.cfm?pk=91759
278,91765,91765,Zip Code: 91765,navigatela/reports/zipcode_county_report.cfm?pk=91765
279,91766,91766,Zip Code: 91766,navigatela/reports/zipcode_county_report.cfm?pk=91766
280,91767,91767,Zip Code: 91767,navigatela/reports/zipcode_county_report.cfm?pk=91767
281,91768,91768,Zip Code: 91768,navigatela/reports/zipcode_county_report.cfm?pk=91768
282,91770,91770,Zip Code: 91770,navigatela/reports/zipcode_county_report.cfm?pk=91770
283,91773,91773,Zip Code: 91773,navigatela/reports/zipcode_county_report.cfm?pk=91773
284,91775,91775,Zip Code: 91775,navigatela/reports/zipcode_county_report.cfm?pk=91775
285,91776,91776,Zip Code: 91776,navigatela/reports/zipcode_county_report.cfm?pk=91776
286,91780,91780,Zip Code: 91780,navigatela/reports/zipcode_county_report.cfm?pk=91780
287,91789,91789,Zip Code: 91789,navigatela/reports/zipcode_county_report.cfm?pk=91789
288,91790,91790,Zip Code: 91790,navigatela/reports/zipcode_county_report.cfm?pk=91790
289,91791,91791,Zip Code: 91791,navigatela/reports/zipcode_county_report.cfm?pk=91791
290,91792,91792,Zip Code: 91792,navigatela/reports/zipcode_county_report.cfm?pk=91792
291,91801,91801,Zip Code: 91801,navigatela/reports/zipcode_county_report.cfm?pk=91801
292,91803,91803,Zip Code: 91803,navigatela/reports/zipcode_county_report.cfm?pk=91803
293,92397,92397,Zip Code: 92397,navigatela/reports/zipcode_county_report.cfm?pk=92397
294,92821,92821,Zip Code: 92821,navigatela/reports/zipcode_county_report.cfm?pk=92821
295,92823,92823,Zip Code: 92823,navigatela/reports/zipcode_county_report.cfm?pk=92823
296,93243,93243,Zip Code: 93243,navigatela/reports/zipcode_county_report.cfm?pk=93243
297,93510,93510,Zip Code: 93510,navigatela/reports/zipcode_county_report.cfm?pk=93510
298,93523,93523,Zip Code: 93523,navigatela/reports/zipcode_county_report.cfm?pk=93523
299,93532,93532,Zip Code: 93532,navigatela/reports/zipcode_county_report.cfm?pk=93532
300,93534,93534,Zip Code: 93534,navigatela/reports/zipcode_county_report.cfm?pk=93534
301,93535,93535,Zip Code: 93535,navigatela/reports/zipcode_county_report.cfm?pk=93535
302,93536,93536,Zip Code: 93536,navigatela/reports/zipcode_county_report.cfm?pk=93536
303,93543,93543,Zip Code: 93543,navigatela/reports/zipcode_county_report.cfm?pk=93543
304,93544,93544,Zip Code: 93544,navigatela/reports/zipcode_county_report.cfm?pk=93544
305,93550,93550,Zip Code: 93550,navigatela/reports/zipcode_county_report.cfm?pk=93550
306,93551,93551,Zip Code: 93551,navigatela/reports/zipcode_county_report.cfm?pk=93551
307,93552,93552,Zip Code: 93552,navigatela/reports/zipcode_county_report.cfm?pk=93552
308,93553,93553,Zip Code: 93553,navigatela/reports/zipcode_county_report.cfm?pk=93553
309,93563,93563,Zip Code: 93563,navigatela/reports/zipcode_county_report.cfm?pk=93563
310,93591,93591,Zip Code: 93591,navigatela/reports/zipcode_county_report.cfm?pk=93591
311,90704,90704,Zip Code: 90704,navigatela/reports/zipcode_county_report.cfm?pk=90704
